<?xml version="1.0" encoding="UTF-8"?>
<!DOCTYPE mapper PUBLIC "-//mybatis.org//DTD Mapper 3.0//EN"
        "http://mybatis.org/dtd/mybatis-3-mapper.dtd">

<mapper namespace="com.neu.mapper.RankMapper">
    <resultMap id="rankResult" type="com.neu.entity.Rank">
        <result property="rid" column="rid"/>
        <result property="name" column="name"/>
        <association property="score" javaType="com.neu.entity.Movie">
            <result property="mid" column="mid"/>
            <result property="name" column="name"/>
            <result property="score" column="score"/>
            <result property="collection" column="collection"/>
        </association>
        <association property="collection" javaType="com.neu.entity.Movie">
            <result property="mid" column="mid"/>
            <result property="name" column="name"/>
            <result property="score" column="score"/>
            <result property="collection" column="collection"/>
        </association>
    </resultMap>
    <select id="findRank" resultMap="rankResult">
        select * from rank
        limit #{index},#{size}
    </select>
    <select id="findRankMo" resultMap="rankResult">
        select * from rank
        where name like concat('%',#{name},'%')
        limit #{index},#{size}
    </select>
    <delete id="delRank" parameterType="com.neu.entity.Rank">
        delete from rank where rid=#{rid}
    </delete>
    <insert id="addRank" parameterType="com.neu.entity.Rank">
        insert into rank(rid,name,score,collection) values(#{rid},#{name},#{score.score},#{collection.collection})
    </insert>
    <select id="findById" resultMap="rankResult">
        select * from rank r,movie m
        where r.score=m.score and r.collection=m.collection and r.rid=#{rid}
    </select>
    <update id="updateRank" parameterType="com.neu.entity.Rank">
        update rank set name=#{name},score=#{score.score},collection=#{collection.collection} where rid=#{rid}
    </update>
</mapper>