<?xml version="1.0" encoding="UTF-8"?>
<!DOCTYPE mapper PUBLIC "-//mybatis.org//DTD Mapper 3.0//EN"
        "http://mybatis.org/dtd/mybatis-3-mapper.dtd">

<mapper namespace="com.neu.mapper.UserSeenMapper">
    <resultMap id="userSeen" type="com.neu.entity.UserSeen">
        <id property="id" column="id"/>
        <result property="uname" column="uname"/>
        <result property="mname" column="mname"/>
        <result property="time" column="time"/>
        <association property="mid" javaType="com.neu.entity.Movie">
            <result property="mid" column="mid"/>
        </association>
    </resultMap>
    <select id="findUserSeen" resultMap="userSeen">
        select * from user_seen us, movie m
        where us.mid=m.mid
            limit #{index},#{size}
    </select>

    <select id="getAllUserSeen" resultType="com.neu.entity.UserSeen">
        SELECT * FROM user_seen
    </select>

    <select id="getAllUserSeenByUname" resultType="com.neu.entity.UserSeen">
        SELECT * FROM user_seen us, movie m
        where us.mid=m.mid
          and uname like concat('%',#{uname},'%')
    </select>
</mapper>